mission_time_s,altitude_m,surface_speed_ms,orbital_speed_ms,vertical_speed_ms,horizontal_speed_ms,pitch_deg,dynamic_pressure_pa,total_mass_kg,thrust_kn,twr,isp_s,current_stage_deltav_ms,total_remaining_deltav_ms,apoapsis_m,periapsis_m
0.02,77.46,0.0,0.0,0.0,0.0,89.96,0.0,58775000.0,0.0,0.0,0.0,3033.54,3033.54,77.46,-598435.25
0.54,77.46,0.0,0.0,0.0,0.0,89.96,0.0,58775000.0,0.0,0.0,0.0,3033.54,3033.54,77.46,-598435.26
0.76,77.46,0.0,0.0,0.0,0.0,89.95,0.0,58775000.0,0.0,0.0,0.0,3033.54,3033.54,77.46,-598435.23
0.98,77.46,0.0,0.0,0.0,0.0,89.96,0.0,58775000.0,0.0,0.0,0.0,3033.54,3033.54,77.46,-598435.27
1.2,77.46,0.0,0.0,0.0,0.0,89.95,0.0,58775000.0,0.0,0.0,0.0,3033.54,3033.54,77.46,-598435.23
1.42,77.46,0.0,0.0,0.0,0.0,89.95,0.0,58775000.0,0.0,0.0,0.0,3033.54,3033.54,77.46,-598435.29
1.64,77.46,0.0,0.0,0.0,0.0,89.96,0.0,58775000.0,0.0,0.0,0.0,3033.54,3033.54,77.46,-598435.22
1.86,77.46,0.0,0.0,0.0,0.0,89.96,0.0,58775000.0,0.0,0.0,0.0,3033.54,3033.54,77.46,-598435.23
2.08,77.46,0.0,0.0,0.0,0.0,89.96,0.0,58775000.0,0.0,0.0,0.0,3033.54,3033.54,77.46,-598435.29
2.3,77.46,0.0,0.0,0.0,0.0,89.96,0.0,58775000.0,0.0,0.0,0.0,3033.54,3033.54,77.46,-598435.2
2.52,77.46,0.0,0.0,0.0,0.0,89.95,0.0,58775000.0,0.0,0.0,0.0,3033.54,3033.54,77.46,-598435.32
2.74,77.46,0.0,0.0,0.0,0.0,89.97,0.0,58775000.0,0.0,0.0,0.0,3033.54,3033.54,77.46,-598435.2
2.94,77.46,0.0,0.0,0.0,0.0,89.95,0.0,58700000.0,0.0,0.0,0.0,3033.54,3033.54,77.46,-598435.25
3.16,77.46,0.0,0.0,0.0,0.0,89.97,0.0,58700000.0,0.0,0.0,0.0,3033.59,3033.59,77.46,-598435.25
3.4,77.45,0.0,0.0,0.0,0.0,89.96,0.0,58700000.0,0.0,0.0,0.0,3033.59,3033.61,77.45,-598435.22
3.6,77.45,0.0,0.0,0.0,0.0,89.96,0.0,58700000.0,0.0,0.0,0.0,3033.61,3033.61,77.45,-598435.31
3.82,77.45,0.0,0.0,0.0,0.0,89.97,0.0,58700000.0,0.0,0.0,0.0,3033.59,3033.59,77.45,-598435.21
4.06,77.98,0.0,0.0,0.0,0.0,89.95,12.3,58534449.22,2021.91,0.004,233.7,2969.79,2969.79,79.11,-598435.29
4.24,79.29,0.0,0.0,0.0,0.0,89.97,48.65,58372312.5,2109.41,0.004,233.7,0.0,2969.79,83.76,-598435.37
4.44,81.74,0.0,0.0,0.0,0.0,89.93,119.83,58187378.91,2128.48,0.004,233.71,3012.89,3012.89,92.76,-598435.45
4.64,85.26,0.0,0.0,0.0,0.0,89.97,223.62,58001496.09,2131.94,0.004,233.73,3008.86,3008.86,105.85,-598435.52
4.84,89.86,0.0,0.0,0.0,0.0,89.97,360.19,57815445.31,2132.71,0.004,233.75,3002.27,3002.27,123.04,-598435.6
5.04,95.55,0.0,0.0,0.0,0.0,89.97,529.8,57629363.28,2133.07,0.004,233.78,2994.57,2994.57,144.38,-598435.68
5.24,102.32,0.0,0.0,0.0,0.0,89.97,732.67,57443273.44,2133.35,0.004,233.81,2987.51,2987.51,169.92,-598435.74
5.44,110.18,0.0,0.0,0.0,0.0,89.93,969.05,57257191.41,2133.68,0.004,233.84,2979.77,2979.77,199.68,-598435.78
5.64,119.14,0.0,0.0,0.0,0.0,89.93,1239.14,57071101.56,2134.06,0.004,233.88,2972.82,2972.82,233.71,-598435.8
5.84,129.2,0.0,0.0,0.0,0.0,89.9,1543.1,56885015.62,2134.48,0.004,233.93,2965.19,2965.19,272.06,-598435.83
6.08,142.74,0.0,0.0,0.0,0.0,89.88,1952.77,56661710.94,2135.05,0.004,233.99,2958.29,2958.29,323.84,-598435.84
6.28,155.23,0.0,0.0,0.0,0.0,89.84,2331.72,56475628.91,2135.58,0.004,234.05,2951.43,2951.43,371.83,-598435.83
6.48,168.84,0.0,0.0,0.0,0.0,89.8,2744.9,56289539.06,2136.15,0.004,234.11,2943.92,2943.92,435.3,-598435.79
6.68,183.57,0.0,0.0,0.0,0.0,89.76,3192.31,56103453.12,2136.77,0.004,234.18,2937.12,2937.12,481.2,-598435.73
6.84,196.17,0.0,0.0,0.0,0.0,89.73,3574.89,55954585.94,2137.3,0.004,234.24,2929.67,2929.67,530.01,-598435.66
7.0,209.48,0.0,0.0,0.0,0.0,89.69,3979.38,55805718.75,2137.86,0.004,234.3,2929.67,2922.94,581.74,-598435.59
7.14,221.72,0.0,0.0,0.0,0.0,89.64,4351.22,55675457.03,2138.37,0.004,234.36,2922.94,2922.94,629.41,-598435.51
7.3,236.39,0.0,0.0,0.0,0.0,89.61,4796.66,55526585.94,2138.99,0.004,234.42,2916.24,2916.24,686.67,-598435.37
7.46,251.79,0.0,0.0,0.0,0.0,89.57,5263.86,55377714.84,2139.63,0.004,234.49,2908.9,2908.9,746.91,-598435.23
7.62,267.91,0.0,0.0,0.0,0.0,89.51,5752.77,55228847.66,2140.3,0.004,234.57,2908.9,2902.25,810.16,-598435.05
7.78,284.77,0.0,0.0,0.0,0.0,89.43,6263.32,55079980.47,2141.0,0.004,234.64,2902.25,2902.25,876.43,-598434.85
7.94,302.36,0.0,0.0,0.0,0.0,89.38,6795.49,54931109.38,2141.73,0.004,234.72,2894.98,2894.98,945.76,-598434.62
8.1,320.68,0.0,0.0,0.0,0.0,89.31,7349.14,54782242.19,2142.49,0.004,234.81,2888.39,2888.39,1018.16,-598434.35
8.26,339.75,0.0,0.0,0.0,0.0,89.24,7924.17,54633371.09,2143.27,0.004,234.89,2888.39,2881.16,1093.66,-598434.06
8.42,359.55,0.0,0.0,0.0,0.0,89.17,8520.47,54484500.0,2144.09,0.004,234.98,2881.16,2881.16,1172.28,-598433.73
8.58,380.09,0.0,0.0,0.0,0.0,89.1,9137.9,54335632.81,2144.93,0.004,235.07,2874.62,2874.62,1254.05,-598433.37
8.74,401.38,0.0,0.0,0.0,0.0,89.03,9776.32,54186765.62,2145.8,0.004,235.17,2868.08,2868.08,1338.99,-598432.98
8.9,423.41,0.0,0.0,0.0,0.0,88.94,10435.61,54037894.53,2146.69,0.004,235.27,2860.91,2860.91,1427.12,-598432.52
9.06,446.19,0.0,0.0,0.0,0.0,88.86,11115.44,53889023.44,2147.62,0.004,235.37,2860.91,2860.91,1518.45,-598432.06
9.22,469.72,0.0,0.0,0.0,0.0,88.76,11816.07,53740156.25,2148.57,0.004,235.47,2854.44,2854.44,1613.06,-598431.55
9.38,494.01,0.0,0.0,0.0,0.0,88.66,12537.15,53591285.16,2149.55,0.004,235.58,2847.34,2847.34,1710.95,-598431.02
9.54,519.04,0.0,0.0,0.0,0.0,88.58,13278.44,53442417.97,2150.55,0.004,235.69,2840.9,2840.9,1812.15,-598430.44
9.7,544.84,0.0,0.0,0.0,0.0,88.45,14039.68,53293550.78,2151.58,0.004,235.8,2840.9,2834.46,1916.66,-598429.82
9.86,571.39,0.0,0.0,0.0,0.0,88.34,14820.69,53144675.78,2152.64,0.004,235.92,2834.46,2834.46,2024.53,-598429.16
10.02,598.71,0.0,0.0,0.0,0.0,88.23,15621.06,52995808.59,2153.72,0.004,236.04,2827.38,2827.38,2135.77,-598428.47
10.18,626.79,0.0,0.0,0.0,0.0,88.13,16440.63,52846941.41,2154.83,0.004,236.16,2820.99,2820.99,2250.4,-598427.72
10.34,655.63,0.0,0.0,0.0,0.0,88.0,17279.0,52698070.31,2155.96,0.004,236.28,2820.99,2813.94,2368.44,-598426.93
10.5,685.25,0.0,0.0,0.0,0.0,87.9,18135.76,52549203.12,2157.12,0.004,236.41,2813.94,2813.94,2489.91,-598426.11
10.58,700.34,0.0,0.0,0.0,0.0,87.81,18570.93,52474765.62,2157.71,0.004,236.47,2807.55,2807.55,2551.93,-598425.69
10.62,707.96,0.0,0.0,0.0,0.0,87.78,18790.22,52437546.88,2158.0,0.004,236.51,2807.55,2807.55,2583.27,-598425.46
10.7,723.34,0.0,0.0,0.0,0.0,87.72,19232.08,52363117.19,2158.6,0.004,236.57,2807.55,2807.55,2646.59,-598425.02
10.78,738.92,0.0,0.0,0.0,0.0,87.67,19678.34,52288679.69,2159.2,0.004,236.64,2800.52,2800.52,2710.77,-598424.57
10.86,754.69,0.0,0.0,0.0,0.0,87.63,20128.87,52214246.09,2159.81,0.004,236.71,2800.52,2800.52,2775.82,-598424.1
10.94,770.65,0.0,0.0,0.0,0.0,87.53,20583.67,52139812.5,2160.43,0.004,236.77,2800.52,2800.52,2841.73,-598423.64
11.02,786.81,0.0,0.0,0.0,0.0,87.47,21042.76,52065378.91,2161.05,0.004,236.84,2794.14,2794.14,2908.53,-598423.15
11.1,803.16,0.0,0.0,0.0,0.0,87.42,21505.93,51990941.41,2161.67,0.004,236.91,2794.14,2794.14,2976.18,-598422.66
11.22,828.05,0.0,0.0,0.0,0.0,87.32,22208.48,51879289.06,2162.62,0.004,237.01,2787.76,2787.76,3079.31,-598421.92
11.34,853.38,0.0,0.0,0.0,0.0,87.2,22920.11,51767640.62,2163.59,0.004,237.12,2787.76,2787.76,3184.42,-598421.14
11.46,879.14,0.0,0.0,0.0,0.0,87.13,23640.59,51655984.38,2164.56,0.004,237.23,2780.75,2780.75,3291.51,-598420.35
11.58,905.35,0.0,0.0,0.0,0.0,87.03,24369.8,51544335.94,2165.55,0.004,237.33,2780.75,2774.36,3400.58,-598419.54
11.7,931.99,0.0,0.0,0.0,0.0,86.95,25107.6,51432687.5,2166.55,0.004,237.44,2774.36,2774.36,3511.66,-598418.72
11.82,959.07,0.0,0.0,0.0,0.0,86.83,25853.66,51321031.25,2167.57,0.004,237.56,2767.33,2767.33,3624.73,-598417.88
11.9,977.37,0.0,0.0,0.0,0.0,86.73,26355.76,51246597.66,2168.25,0.004,237.63,2767.33,2767.33,3701.25,-598417.3
12.0,1000.52,0.0,0.0,0.0,0.0,86.67,26988.2,51153554.69,2169.11,0.004,237.72,2767.33,2760.97,3817.68,-598416.43
12.1,1023.98,0.0,0.0,0.0,0.0,86.58,27626.2,51060507.81,2169.98,0.004,237.82,2760.97,2760.97,3916.28,-598415.69
12.2,1047.75,0.0,0.0,0.0,0.0,86.53,28269.54,50967464.84,2170.86,0.004,237.92,2760.97,2754.57,4016.26,-598414.91
12.34,1081.53,0.0,0.0,0.0,0.0,86.38,29178.76,50837203.12,2172.1,0.004,238.05,2754.57,2754.57,4138.11,-598413.97
12.46,1110.98,0.0,0.0,0.0,0.0,86.29,29966.14,50725558.59,2173.17,0.004,238.17,2747.53,2747.53,4262.01,-598413.0
12.58,1140.86,0.0,0.0,0.0,0.0,86.18,30760.71,50613902.34,2174.26,0.004,238.29,2747.53,2747.53,4387.98,-598412.01
12.7,1171.19,0.0,0.0,0.0,0.0,86.05,31562.4,50502250.0,2175.36,0.004,238.41,2741.13,2741.13,4516.03,-598411.0
12.82,1201.97,0.0,0.0,0.0,0.0,85.95,32370.82,50390601.56,2176.47,0.004,238.53,2741.13,2741.13,4646.16,-598409.95
12.92,1227.95,0.0,0.0,0.0,0.0,85.88,33049.49,50297554.69,2177.4,0.004,238.63,2734.06,2734.06,4778.37,-598408.87
13.02,1254.25,0.0,0.0,0.0,0.0,85.79,33732.49,50204515.62,2178.34,0.004,238.74,2734.06,2734.06,4867.67,-598408.11
13.1,1275.51,0.0,0.0,0.0,0.0,85.72,34282.05,50130078.12,2179.09,0.004,238.82,2727.63,2727.63,4957.91,-598407.38
13.18,1296.97,0.0,0.0,0.0,0.0,85.65,34834.19,50055644.53,2179.86,0.004,238.9,2727.63,2727.63,5072.0,-598406.43
13.28,1324.07,0.0,0.0,0.0,0.0,85.56,35528.01,49962597.66,2180.81,0.004,239.01,2720.54,2720.54,5187.57,-598405.47
13.4,1357.01,0.0,0.0,0.0,0.0,85.48,36365.73,49850949.22,2181.97,0.004,239.13,2720.54,2720.54,5304.58,-598404.48
13.48,1379.22,0.0,0.0,0.0,0.0,85.4,36927.22,49776515.62,2182.75,0.004,239.22,2714.09,2714.09,5399.26,-598403.66
13.56,1401.63,0.0,0.0,0.0,0.0,85.34,37491.13,49702078.12,2183.53,0.004,239.3,2714.09,2714.09,5494.89,-598402.88
13.66,1429.92,0.0,0.0,0.0,0.0,85.26,38199.2,49609035.16,2184.51,0.005,239.41,2714.09,2707.61,5615.75,-598401.85
13.74,1452.77,0.0,0.0,0.0,0.0,85.19,38768.12,49534601.56,2185.31,0.005,239.5,2707.61,2707.61,5713.51,-598401.02
13.82,1475.83,0.0,0.0,0.0,0.0,85.14,39339.26,49460167.97,2186.1,0.005,239.59,2707.61,2707.61,5812.23,-598400.18
13.9,1499.09,0.0,0.0,0.0,0.0,85.07,39912.41,49385738.28,2186.9,0.005,239.67,2700.46,2700.46,5936.98,-598399.13
13.98,1522.55,0.0,0.0,0.0,0.0,85.05,40487.62,49311296.88,2187.7,0.005,239.76,2700.46,2700.46,6012.55,-598398.48
14.08,1552.15,0.0,0.0,0.0,0.0,84.97,41209.44,49218257.81,2188.71,0.005,239.87,2700.46,2693.95,6165.33,-598397.18
14.22,1594.13,0.0,0.0,0.0,0.0,84.87,42224.89,49087996.09,2190.14,0.005,240.03,2693.95,2693.95,6320.3,-598395.85
14.34,1630.6,0.0,0.0,0.0,0.0,84.84,43098.87,48976339.84,2191.37,0.005,240.16,2686.75,2686.75,6477.39,-598394.48
14.46,1667.52,0.0,0.0,0.0,0.0,84.75,43974.59,48864691.41,2192.6,0.005,240.3,2686.75,2686.75,6636.46,-598393.04
14.58,1704.9,0.0,0.0,0.0,0.0,84.74,44850.55,48753039.06,2193.85,0.005,240.44,2680.19,2680.19,6797.37,-598391.55
14.7,1742.72,0.0,0.0,0.0,0.0,84.65,45724.5,48641386.72,2195.1,0.005,240.57,2680.19,2673.59,6959.9,-598390.01
14.82,1781.0,0.0,0.0,0.0,0.0,84.64,46595.05,48529738.28,2196.36,0.005,240.71,2673.59,2673.59,7123.9,-598388.4
14.94,1819.72,0.0,0.0,0.0,0.0,84.64,47459.63,48418082.03,2197.63,0.005,240.85,2666.28,2666.28,7289.12,-598386.72
15.06,1858.89,0.0,0.0,0.0,0.0,84.55,48317.74,48306429.69,2198.91,0.005,240.99,2666.28,2666.28,7455.49,-598384.96
15.14,1885.25,0.0,0.0,0.0,0.0,84.55,48885.31,48232000.0,2199.76,0.005,241.08,2659.63,2659.63,7566.96,-598383.75
15.26,1925.15,0.0,0.0,0.0,0.0,84.52,49728.68,48120343.75,2201.05,0.005,241.22,2659.63,2659.63,7734.84,-598381.86
15.38,1965.49,0.0,0.0,0.0,0.0,84.5,50561.52,48008695.31,2202.34,0.005,241.37,2652.27,2652.27,7903.43,-598379.89
15.46,1992.62,0.0,0.0,0.0,0.0,84.48,51110.35,47934257.81,2203.21,0.005,241.46,2652.27,2652.27,8016.17,-598378.53
15.58,2033.67,0.0,0.0,0.0,0.0,84.46,51923.27,47822609.38,2204.51,0.005,241.6,2645.54,2645.54,8185.69,-598376.44
15.7,2075.14,0.0,0.0,0.0,0.0,84.44,52723.2,47710953.12,2205.82,0.005,241.75,2645.54,2645.54,8355.63,-598374.25
15.82,2117.04,0.0,0.0,0.0,0.0,84.41,53509.45,47599304.69,2207.13,0.005,241.89,2638.08,2638.08,8525.92,-598371.99
15.92,2152.26,0.0,0.0,0.0,0.0,84.39,54154.01,47506257.81,2208.22,0.005,242.01,2638.08,2638.08,8668.06,-598370.05
16.02,2187.77,0.0,0.0,0.0,0.0,84.36,54788.68,47413214.84,2209.32,0.005,242.13,2631.26,2631.26,8810.39,-598368.06
16.1,2216.38,0.0,0.0,0.0,0.0,84.34,55289.49,47338781.25,2210.2,0.005,242.23,2631.26,2631.26,8924.41,-598366.44
16.18,2245.17,0.0,0.0,0.0,0.0,84.32,55784.48,47264347.66,2211.09,0.005,242.32,2624.41,2624.41,9038.6,-598364.79
16.3,2288.69,0.0,0.0,0.0,0.0,84.28,56515.66,47152695.31,2212.42,0.005,242.47,2624.41,2624.41,9210.16,-598362.27
16.38,2317.92,0.0,0.0,0.0,0.0,84.25,56997.43,47078261.72,2213.3,0.005,242.57,2624.41,2616.81,9324.95,-598360.57
16.48,2354.71,0.0,0.0,0.0,0.0,84.22,57594.57,46985218.75,2214.42,0.005,242.69,2616.81,2616.81,9469.08,-598358.43
16.54,2376.91,0.0,0.0,0.0,0.0,84.21,57951.48,46929390.62,2215.08,0.005,242.76,2616.81,2616.81,9556.06,-598357.14
16.66,2421.62,0.0,0.0,0.0,0.0,84.21,58659.33,46817742.19,2216.42,0.005,242.91,2609.85,2609.85,9730.82,-598354.57
16.78,2466.71,0.0,0.0,0.0,0.0,84.24,59361.64,46706089.84,2217.76,0.005,243.06,2609.85,2609.85,9906.97,-598352.07
16.86,2496.99,0.0,0.0,0.0,0.0,84.27,59828.25,46631652.34,2218.66,0.005,243.15,2602.14,2602.14,10025.38,-598350.46
16.94,2527.45,0.0,0.0,0.0,0.0,84.31,60294.4,46557218.75,2219.55,0.005,243.25,2602.14,2602.14,10144.68,-598348.89
17.02,2558.08,0.0,0.0,0.0,0.0,84.36,60760.11,46482785.16,2220.45,0.005,243.35,2595.08,2595.08,10264.9,-598347.39
17.14,2604.35,0.0,0.0,0.0,0.0,84.45,61458.54,46371132.81,2221.8,0.005,243.5,2595.08,2595.08,10447.05,-598345.25
17.22,2635.42,0.0,0.0,0.0,0.0,84.52,61924.27,46296699.22,2222.69,0.005,243.6,2587.97,2587.97,10569.74,-598343.92
17.3,2666.67,0.0,0.0,0.0,0.0,84.6,62390.33,46222265.62,2223.59,0.005,243.69,2587.97,2587.97,10693.5,-598342.65
17.42,2713.87,0.0,0.0,0.0,0.0,84.72,63090.29,46110609.38,2224.95,0.005,243.84,2587.97,2580.09,10881.18,-598340.9
17.54,2761.47,0.0,0.0,0.0,0.0,84.84,63791.88,45998960.94,2226.3,0.005,243.99,2580.09,2580.09,11071.46,-598339.29
17.66,2809.48,0.0,0.0,0.0,0.0,84.98,64493.66,45887308.59,2227.66,0.005,244.14,2572.86,2572.86,11264.18,-598337.82
17.78,2857.9,0.0,0.0,0.0,0.0,85.13,65195.14,45775656.25,2229.01,0.005,244.29,2572.86,2572.86,11459.33,-598336.48
17.9,2906.72,0.0,0.0,0.0,0.0,85.28,65894.78,45664003.91,2230.37,0.005,244.44,2564.85,2564.85,11656.76,-598335.28
18.02,2955.95,0.0,0.0,0.0,0.0,85.45,66593.0,45552351.56,2231.73,0.005,244.59,2564.85,2564.85,11856.56,-598334.26
18.14,3005.59,0.0,0.0,0.0,0.0,85.62,67287.89,45440703.12,2233.09,0.005,244.74,2557.51,2557.51,12058.52,-598333.48
18.26,3055.64,0.0,0.0,0.0,0.0,85.8,67979.68,45329046.88,2234.46,0.005,244.89,2557.51,2549.38,12262.71,-598333.01
18.38,3106.1,0.0,0.0,0.0,0.0,85.98,68665.03,45217394.53,2235.82,0.005,245.03,2549.38,2549.38,12468.71,-598332.96
18.5,3156.97,0.0,0.0,0.0,0.0,86.16,69341.59,45105746.09,2237.19,0.005,245.18,2541.92,2541.92,12676.23,-598333.43
18.62,3208.26,0.0,0.0,0.0,0.0,86.33,70004.96,44994093.75,2238.55,0.005,245.33,2541.92,2541.92,12884.68,-598334.51
18.74,3259.95,0.0,0.0,0.0,0.0,86.44,70655.2,44882441.41,2239.92,0.005,245.48,2534.4,2534.4,13094.06,-598336.33
18.86,3312.05,0.0,0.0,0.0,0.0,86.48,71286.65,44770789.06,2241.28,0.005,245.63,2534.4,2534.4,13303.57,-598339.06
18.98,3364.54,0.0,0.0,0.0,0.0,86.44,71898.91,44659136.72,2242.65,0.005,245.78,2526.05,2526.05,13513.12,-598342.71
19.1,3417.43,0.0,0.0,0.0,0.0,86.31,72491.07,44547484.38,2244.02,0.005,245.93,2518.4,2518.4,13722.55,-598347.54
19.22,3470.72,0.0,0.0,0.0,0.0,86.12,73064.28,44435835.94,2245.38,0.005,246.08,2518.4,2518.4,13931.97,-598353.48
19.34,3524.39,0.0,0.0,0.0,0.0,85.84,73617.58,44324183.59,2246.75,0.005,246.23,2509.91,2509.91,14141.21,-598360.72
19.42,3560.38,0.0,0.0,0.0,0.0,85.65,73976.64,44249746.09,2247.66,0.005,246.33,2509.91,2509.91,14315.64,-598367.7
19.5,3596.54,0.0,0.0,0.0,0.0,85.41,74327.72,44175312.5,2248.57,0.005,246.43,2509.91,2502.14,14420.32,-598372.34
19.58,3632.87,0.0,0.0,0.0,0.0,85.2,74670.77,44100878.91,2249.47,0.005,246.53,2502.14,2502.14,14559.88,-598378.98
19.66,3669.37,0.0,0.0,0.0,0.0,84.96,75005.78,44026445.31,2250.38,0.005,246.63,2502.14,2502.14,14699.4,-598386.23
19.74,3706.03,0.0,0.0,0.0,0.0,84.73,75332.24,43952007.81,2251.29,0.005,246.73,2494.27,2494.27,14838.81,-598394.03
19.82,3742.86,0.0,0.0,0.0,0.0,84.49,75651.22,43877574.22,2252.19,0.005,246.83,2494.27,2494.27,14978.26,-598402.4
19.9,3779.85,0.0,0.0,0.0,0.0,84.23,75963.96,43803140.62,2253.1,0.005,246.93,2494.27,2494.27,15117.91,-598411.31
19.98,3817.0,0.0,0.0,0.0,0.0,84.01,76269.6,43728703.12,2254.0,0.005,247.03,2485.56,2485.56,15257.63,-598420.75
20.06,3854.32,0.0,0.0,0.0,0.0,83.76,76568.25,43654269.53,2254.91,0.005,247.13,2485.56,2485.56,15397.42,-598430.76
20.16,3901.19,0.0,0.0,0.0,0.0,83.46,76932.23,43561226.56,2256.03,0.005,247.25,2477.54,2477.54,15572.32,-598443.97
20.26,3948.31,0.0,0.0,0.0,0.0,83.17,77288.27,43468183.59,2257.16,0.005,247.37,2477.54,2477.54,15747.76,-598457.96
20.34,3986.18,0.0,0.0,0.0,0.0,82.9,77568.69,43393750.0,2258.06,0.005,247.47,2477.54,2468.68,15888.69,-598469.66
20.44,4033.75,0.0,0.0,0.0,0.0,82.64,77907.12,43300707.03,2259.18,0.005,247.6,2468.68,2468.68,16064.54,-598484.87
20.54,4081.57,0.0,0.0,0.0,0.0,82.37,78236.84,43207664.06,2260.3,0.005,247.72,2468.68,2460.52,16240.77,-598500.76
20.66,4139.27,0.0,0.0,0.0,0.0,82.11,78622.08,43096011.72,2261.65,0.005,247.87,2460.52,2460.52,16452.97,-598520.68
20.78,4197.33,0.0,0.0,0.0,0.0,81.81,78997.7,42984359.38,2262.99,0.005,248.01,2451.43,2451.43,16666.21,-598541.53
20.9,4255.73,0.0,0.0,0.0,0.0,81.52,79362.95,42872707.03,2264.32,0.005,248.16,2451.43,2451.43,16880.36,-598563.08
